id,name,age,city,country,email,phone,password,status,created_at,updated_at,deleted_at,created_by,updated_by,deleted_by
1,John Doe,30,New York,USA,7K4Yb@example.com,555-1234,secret,true,2022-01-01T00:00:00Z,2022-02-01T00:00:00Z,2022-03-01T00:00:00Z,John Doe,John Doe,John Doe
2,Jane Doe,25,Los Angeles,USA,7K4Yb@example.com,555-5678,secret,true,2022-01-01T00:00:00Z,2022-02-01T00:00:00Z,2022-03-01T00:00:00Z,John Doe,John Doe,John Doe
3,John Doe,30,New York,USA,7K4Yb@example.com,555-1234,secret,true,2022-01-01T00:00:00Z,2022-02-01T00:00:00Z,2022-03-01T00:00:00Z,John Doe,John Doe,John Doe
4,Ramon Valdes,25,Acapulco,USA,7K4Yb@example.com,555-5678,secret,true,2022-01-01T00:00:00Z,2022-02-01T00:00:00Z,2022-03-01T00:00:00Z,John Doe,John Doe,John Doe
5,John Doe,30,New York,USA,7K4Yb@example.com,555-1234,secret,true,2022-01-01T00:00:00Z,2022-02-01T00:00:00Z,2022-03-01T00:00:00Z,John Doe,John Doe,John Doe
6,Jane Doe,25,Los Angeles,USA,7K4Yb@example.com,555-5678,secret,true,2022-01-01T00:00:00Z,2022-02-01T00:00:00Z,2022-03-01T00:00:00Z,John Doe,John Doe,John Doe
7,Luchito loyola,30,OxaPampa,USA,7K4Yb@example.com,555-1234,secret,true,2022-01-01T00:00:00Z,2022-02-01T00:00:00Z,2022-03-01T00:00:00Z,John Doe,John Doe,John Doe
8,Jane Doe,25,Los Angeles,USA,7K4Yb@example.com,555-5678,secret,true,2022-01-01T00:00:00Z,2022-02-01T00:00:00Z,2022-03-01T00:00:00Z,John Doe,John Doe,John Doe
9,John Doe,30,New York,USA,7K4Yb@example.com,555-1234,secret,true,2022-01-01T00:00:00Z,2022-02-01T00:00:00Z,2022-03-01T00:00:00Z,John Doe,John Doe,John Doe
10,Jane Doe,25,Los Angeles,USA,7K4Yb@example.com,555-5678,secret,true,2022-01-01T00:00:00Z,2022-02-01T00:00:00Z,2022-03-01T00:00:00Z,John Doe,John Doe,John Doe
11,John Doe,30,New York,USA,7K4Yb@example.com,555-1234,secret,true,2022-01-01T00:00:00Z,2022-02-01T00:00:00Z,2022-03-01T00:00:00Z,John Doe,John Doe,John Doe
12,Jane Doe,25,Los Angeles,USA,7K4Yb@example.com,555-5678,secret,true,2022-01-01T00:00:00Z,2022-02-01T00:00:00Z,2022-03-01T00:00:00Z,John Doe,John Doe,John Doe
13,John Doe,30,New York,USA,7K4Yb@example.com,555-1234,secret,true,2022-01-01T00:00:00Z,2022-02-01T00:00:00Z,2022-03-01T00:00:00Z,John Doe,John Doe,John Doe
14,Jane Doe,25,Los Angeles,USA,7K4Yb@example.com,555-5678,secret,true,2022-01-01T00:00:00Z,2022-02-01T00:00:00Z,2022-03-01T00:00:00Z,John Doe,John Doe,John Doe
15,John Doe,30,New York,USA,7K4Yb@example.com,555-1234,secret,true,2022-01-01T00:00:00Z,2022-02-01T00:00:00Z,2022-03-01T00:00:00Z,John Doe,John Doe,John Doe
16,Jane Doe,25,Los Angeles,USA,7K4Yb@example.com,555-5678,secret,true,2022-01-01T00:00:00Z,2022-02-01T00:00:00Z,2022-03-01T00:00:00Z,John Doe,John Doe,John Doe
17,ESTER MILAGROS,30,New York,USA,7K4Yb@example.com,555-1234,secret,true,2022-01-01T00:00:00Z,2022-02-01T00:00:00Z,2022-03-01T00:00:00Z,John Doe,John Doe,John Doe
18,Maria Doe,25,Los Angeles,USA,7K4Yb@example.com,555-5678,secret,true,2022-01-01T00:00:00Z,2022-02-01T00:00:00Z,2022-03-01T00:00:00Z,John Doe,John Doe,John Doe
19,John Doe,30,New York,USA,7K4Yb@example.com,555-1234,secret,true,2022-01-01T00:00:00Z,2022-02-01T00:00:00Z,2022-03-01T00:00:00Z,John Doe,John Doe,John Doe
20,Jane Doe,25,Los Angeles,USA,7K4Yb@example.com,555-5678,secret,true,2022-01-01T00:00:00Z,2022-02-01T00:00:00Z,2022-03-01T00:00:00Z,John Doe,John Doe,John Doe
21,Kennedie Doe,25,Los Angeles,USA,7K4Yb@example.com,555-5678,secret,true,2022-01-01T00:00:00Z,2022-02-01T00:00:00Z,2022-03-01T00:00:00Z,John Doe,John Doe,John Doe
22,John Doe,30,New York,USA,7K4Yb@example.com,555-1234,secret,true,2022-01-01T00:00:00Z,2022-02-01T00:00:00Z,2022-03-01T00:00:00Z,John Doe,John Doe,John Doe
23,Jane Doe,25,Los Angeles,USA,7K4Yb@example.com,555-5678,secret,true,2022-01-01T00:00:00Z,2022-02-01T00:00:00Z,2022-03-01T00:00:00Z,John Doe,John Doe,John Doe
24,John Doe,30,New York,USA,7K4Yb@example.com,555-1234,secret,true,2022-01-01T00:00:00Z,2022-02-01T00:00:00Z,2022-03-01T00:00:00Z,John Doe,John Doe,John Doe
25,Jane Doe,25,Los Angeles,USA,7K4Yb@example.com,555-5678,secret,true,2022-01-01T00:00:00Z,2022-02-01T00:00:00Z,2022-03-01T00:00:00Z,John Doe,John Doe,John Doe
26,John Doe,30,New York,USA,7K4Yb@example.com,555-1234,secret,true,2022-01-01T00:00:00Z,2022-02-01T00:00:00Z,2022-03-01T00:00:00Z,John Doe,John Doe,John Doe
27,Jane Doe,25,Los Angeles,USA,7K4Yb@example.com,555-5678,secret,true,2022-01-01T00:00:00Z,2022-02-01T00:00:00Z,2022-03-01T00:00:00Z,John Doe,John Doe,John Doe
28,John Doe,30,New York,USA,7K4Yb@example.com,555-1234,secret,true,2022-01-01T00:00:00Z,2022-02-01T00:00:00Z,2022-03-01T00:00:00Z,John Doe,John Doe,John Doe
29,Jane Doe,25,Los Angeles,USA,7K4Yb@example.com,555-5678,secret,true,2022-01-01T00:00:00Z,2022-02-01T00:00:00Z,2022-03-01T00:00:00Z,John Doe,John Doe,John Doe
30,John Doe,30,New York,USA,7K4Yb@example.com,555-1234,secret,true,2022-01-01T00:00:00Z,2022-02-01T00:00:00Z,2022-03-01T00:00:00Z,John Doe,John Doe,John Doe
31,Jane Doe,25,Los Angeles,USA,7K4Yb@example.com,555-5678,secret,true,2022-01-01T00:00:00Z,2022-02-01T00:00:00Z,2022-03-01T00:00:00Z,John Doe,John Doe,John Doe
1,John Doe,30,New York,USA,7K4Yb@example.com,555-1234,secret,true,2022-01-01T00:00:00Z,2022-02-01T00:00:00Z,2022-03-01T00:00:00Z,John Doe,John Doe,John Doe
2,Jane Doe,25,Los Angeles,USA,7K4Yb@example.com,555-5678,secret,true,2022-01-01T00:00:00Z,2022-02-01T00:00:00Z,2022-03-01T00:00:00Z,John Doe,John Doe,John Doe
3,John Doe,30,New York,USA,7K4Yb@example.com,555-1234,secret,true,2022-01-01T00:00:00Z,2022-02-01T00:00:00Z,2022-03-01T00:00:00Z,John Doe,John Doe,John Doe
4,Jane Doe,25,Los Angeles,USA,7K4Yb@example.com,555-5678,secret,true,2022-01-01T00:00:00Z,2022-02-01T00:00:00Z,2022-03-01T00:00:00Z,John Doe,John Doe,John Doe
5,John Doe,30,New York,USA,7K4Yb@example.com,555-1234,secret,true,2022-01-01T00:00:00Z,2022-02-01T00:00:00Z,2022-03-01T00:00:00Z,John Doe,John Doe,John Doe
6,Jane Doe,25,Los Angeles,USA,7K4Yb@example.com,555-5678,secret,true,2022-01-01T00:00:00Z,2022-02-01T00:00:00Z,2022-03-01T00:00:00Z,John Doe,John Doe,John Doe
7,John Doe,30,New York,USA,7K4Yb@example.com,555-1234,secret,true,2022-01-01T00:00:00Z,2022-02-01T00:00:00Z,2022-03-01T00:00:00Z,John Doe,John Doe,John Doe
8,Jane Doe,25,Los Angeles,USA,7K4Yb@example.com,555-5678,secret,true,2022-01-01T00:00:00Z,2022-02-01T00:00:00Z,2022-03-01T00:00:00Z,John Doe,John Doe,John Doe
9,John Doe,30,New York,USA,7K4Yb@example.com,555-1234,secret,true,2022-01-01T00:00:00Z,2022-02-01T00:00:00Z,2022-03-01T00:00:00Z,John Doe,John Doe,John Doe
10,Jane Doe,25,Los Angeles,USA,7K4Yb@example.com,555-5678,secret,true,2022-01-01T00:00:00Z,2022-02-01T00:00:00Z,2022-03-01T00:00:00Z,John Doe,John Doe,John Doe
11,John Doe,30,New York,USA,7K4Yb@example.com,555-1234,secret,true,2022-01-01T00:00:00Z,2022-02-01T00:00:00Z,2022-03-01T00:00:00Z,John Doe,John Doe,John Doe
12,Jane Doe,25,Los Angeles,USA,7K4Yb@example.com,555-5678,secret,true,2022-01-01T00:00:00Z,2022-02-01T00:00:00Z,2022-03-01T00:00:00Z,John Doe,John Doe,John Doe
13,John Doe,30,New York,USA,7K4Yb@example.com,555-1234,secret,true,2022-01-01T00:00:00Z,2022-02-01T00:00:00Z,2022-03-01T00:00:00Z,John Doe,John Doe,John Doe
14,Jane Doe,25,Los Angeles,USA,7K4Yb@example.com,555-5678,secret,true,2022-01-01T00:00:00Z,2022-02-01T00:00:00Z,2022-03-01T00:00:00Z,John Doe,John Doe,John Doe
15,John Doe,30,New York,USA,7K4Yb@example.com,555-1234,secret,true,2022-01-01T00:00:00Z,2022-02-01T00:00:00Z,2022-03-01T00:00:00Z,John Doe,John Doe,John Doe
16,Jane Doe,25,Los Angeles,USA,7K4Yb@example.com,555-5678,secret,true,2022-01-01T00:00:00Z,2022-02-01T00:00:00Z,2022-03-01T00:00:00Z,John Doe,John Doe,John Doe
17,John Doe,30,New York,USA,7K4Yb@example.com,555-1234,secret,true,2022-01-01T00:00:00Z,2022-02-01T00:00:00Z,2022-03-01T00:00:00Z,John Doe,John Doe,John Doe
18,Maria Doe,25,Los Angeles,USA,7K4Yb@example.com,555-5678,secret,true,2022-01-01T00:00:00Z,2022-02-01T00:00:00Z,2022-03-01T00:00:00Z,John Doe,John Doe,John Doe
19,John Doe,30,New York,USA,7K4Yb@example.com,555-1234,secret,true,2022-01-01T00:00:00Z,2022-02-01T00:00:00Z,2022-03-01T00:00:00Z,John Doe,John Doe,John Doe
20,Jane Doe,25,Los Angeles,USA,7K4Yb@example.com,555-5678,secret,true,2022-01-01T00:00:00Z,2022-02-01T00:00:00Z,2022-03-01T00:00:00Z,John Doe,John Doe,John Doe
21,Kennedie Doe,25,Los Angeles,USA,7K4Yb@example.com,555-5678,secret,true,2022-01-01T00:00:00Z,2022-02-01T00:00:00Z,2022-03-01T00:00:00Z,John Doe,John Doe,John Doe
22,John Doe,30,New York,USA,7K4Yb@example.com,555-1234,secret,true,2022-01-01T00:00:00Z,2022-02-01T00:00:00Z,2022-03-01T00:00:00Z,John Doe,John Doe,John Doe
23,Jane Doe,25,Los Angeles,USA,7K4Yb@example.com,555-5678,secret,true,2022-01-01T00:00:00Z,2022-02-01T00:00:00Z,2022-03-01T00:00:00Z,John Doe,John Doe,John Doe
24,John Doe,30,New York,USA,7K4Yb@example.com,555-1234,secret,true,2022-01-01T00:00:00Z,2022-02-01T00:00:00Z,2022-03-01T00:00:00Z,John Doe,John Doe,John Doe
25,Jane Doe,25,Los Angeles,USA,7K4Yb@example.com,555-5678,secret,true,2022-01-01T00:00:00Z,2022-02-01T00:00:00Z,2022-03-01T00:00:00Z,John Doe,John Doe,John Doe
26,John Doe,30,New York,USA,7K4Yb@example.com,555-1234,secret,true,2022-01-01T00:00:00Z,2022-02-01T00:00:00Z,2022-03-01T00:00:00Z,John Doe,John Doe,John Doe
27,Jane Doe,25,Los Angeles,USA,7K4Yb@example.com,555-5678,secret,true,2022-01-01T00:00:00Z,2022-02-01T00:00:00Z,2022-03-01T00:00:00Z,John Doe,John Doe,John Doe
28,John Doe,30,New York,USA,7K4Yb@example.com,555-1234,secret,true,2022-01-01T00:00:00Z,2022-02-01T00:00:00Z,2022-03-01T00:00:00Z,John Doe,John Doe,John Doe
29,Jane Doe,25,Los Angeles,USA,7K4Yb@example.com,555-5678,secret,true,2022-01-01T00:00:00Z,2022-02-01T00:00:00Z,2022-03-01T00:00:00Z,John Doe,John Doe,John Doe
30,John Doe,30,New York,USA,7K4Yb@example.com,555-1234,secret,true,2022-01-01T00:00:00Z,2022-02-01T00:00:00Z,2022-03-01T00:00:00Z,John Doe,John Doe,John Doe
31,Jane Doe,25,Los Angeles,USA,7K4Yb@example.com,555-5678,secret,true,2022-01-01T00:00:00Z,2022-02-01T00:00:00Z,2022-03-01T00:00:00Z,John Doe,John Doe,John Doe
1,John Doe,30,New York,USA,7K4Yb@example.com,555-1234,secret,true,2022-01-01T00:00:00Z,2022-02-01T00:00:00Z,2022-03-01T00:00:00Z,John Doe,John Doe,John Doe
2,Jane Doe,25,Los Angeles,USA,7K4Yb@example.com,555-5678,secret,true,2022-01-01T00:00:00Z,2022-02-01T00:00:00Z,2022-03-01T00:00:00Z,John Doe,John Doe,John Doe
3,John Doe,30,New York,USA,7K4Yb@example.com,555-1234,secret,true,2022-01-01T00:00:00Z,2022-02-01T00:00:00Z,2022-03-01T00:00:00Z,John Doe,John Doe,John Doe
4,Jane Doe,25,Los Angeles,USA,7K4Yb@example.com,555-5678,secret,true,2022-01-01T00:00:00Z,2022-02-01T00:00:00Z,2022-03-01T00:00:00Z,John Doe,John Doe,John Doe
5,John Doe,30,New York,USA,7K4Yb@example.com,555-1234,secret,true,2022-01-01T00:00:00Z,2022-02-01T00:00:00Z,2022-03-01T00:00:00Z,John Doe,John Doe,John Doe
6,Jane Doe,25,Los Angeles,USA,7K4Yb@example.com,555-5678,secret,true,2022-01-01T00:00:00Z,2022-02-01T00:00:00Z,2022-03-01T00:00:00Z,John Doe,John Doe,John Doe
7,John Doe,30,New York,USA,7K4Yb@example.com,555-1234,secret,true,2022-01-01T00:00:00Z,2022-02-01T00:00:00Z,2022-03-01T00:00:00Z,John Doe,John Doe,John Doe
8,Jane Doe,25,Los Angeles,USA,7K4Yb@example.com,555-5678,secret,true,2022-01-01T00:00:00Z,2022-02-01T00:00:00Z,2022-03-01T00:00:00Z,John Doe,John Doe,John Doe
9,John Doe,30,New York,USA,7K4Yb@example.com,555-1234,secret,true,2022-01-01T00:00:00Z,2022-02-01T00:00:00Z,2022-03-01T00:00:00Z,John Doe,John Doe,John Doe
10,Jane Doe,25,Los Angeles,USA,7K4Yb@example.com,555-5678,secret,true,2022-01-01T00:00:00Z,2022-02-01T00:00:00Z,2022-03-01T00:00:00Z,John Doe,John Doe,John Doe
11,John Doe,30,New York,USA,7K4Yb@example.com,555-1234,secret,true,2022-01-01T00:00:00Z,2022-02-01T00:00:00Z,2022-03-01T00:00:00Z,John Doe,John Doe,John Doe
12,Jane Doe,25,Los Angeles,USA,7K4Yb@example.com,555-5678,secret,true,2022-01-01T00:00:00Z,2022-02-01T00:00:00Z,2022-03-01T00:00:00Z,John Doe,John Doe,John Doe
13,John Doe,30,New York,USA,7K4Yb@example.com,555-1234,secret,true,2022-01-01T00:00:00Z,2022-02-01T00:00:00Z,2022-03-01T00:00:00Z,John Doe,John Doe,John Doe
14,Jane Doe,25,Los Angeles,USA,7K4Yb@example.com,555-5678,secret,true,2022-01-01T00:00:00Z,2022-02-01T00:00:00Z,2022-03-01T00:00:00Z,John Doe,John Doe,John Doe
15,John Doe,30,New York,USA,7K4Yb@example.com,555-1234,secret,true,2022-01-01T00:00:00Z,2022-02-01T00:00:00Z,2022-03-01T00:00:00Z,John Doe,John Doe,John Doe
16,Jane Doe,25,Los Angeles,USA,7K4Yb@example.com,555-5678,secret,true,2022-01-01T00:00:00Z,2022-02-01T00:00:00Z,2022-03-01T00:00:00Z,John Doe,John Doe,John Doe
17,John Doe,30,New York,USA,7K4Yb@example.com,555-1234,secret,true,2022-01-01T00:00:00Z,2022-02-01T00:00:00Z,2022-03-01T00:00:00Z,John Doe,John Doe,John Doe
18,Maria Doe,25,Los Angeles,USA,7K4Yb@example.com,555-5678,secret,true,2022-01-01T00:00:00Z,2022-02-01T00:00:00Z,2022-03-01T00:00:00Z,John Doe,John Doe,John Doe
19,John Doe,30,New York,USA,7K4Yb@example.com,555-1234,secret,true,2022-01-01T00:00:00Z,2022-02-01T00:00:00Z,2022-03-01T00:00:00Z,John Doe,John Doe,John Doe
20,Jane Doe,25,Los Angeles,USA,7K4Yb@example.com,555-5678,secret,true,2022-01-01T00:00:00Z,2022-02-01T00:00:00Z,2022-03-01T00:00:00Z,John Doe,John Doe,John Doe
21,Kennedie Doe,25,Los Angeles,USA,7K4Yb@example.com,555-5678,secret,true,2022-01-01T00:00:00Z,2022-02-01T00:00:00Z,2022-03-01T00:00:00Z,John Doe,John Doe,John Doe
22,John Doe,30,New York,USA,7K4Yb@example.com,555-1234,secret,true,2022-01-01T00:00:00Z,2022-02-01T00:00:00Z,2022-03-01T00:00:00Z,John Doe,John Doe,John Doe
23,Jane Doe,25,Los Angeles,USA,7K4Yb@example.com,555-5678,secret,true,2022-01-01T00:00:00Z,2022-02-01T00:00:00Z,2022-03-01T00:00:00Z,John Doe,John Doe,John Doe
24,John Doe,30,New York,USA,7K4Yb@example.com,555-1234,secret,true,2022-01-01T00:00:00Z,2022-02-01T00:00:00Z,2022-03-01T00:00:00Z,John Doe,John Doe,John Doe
25,Jane Doe,25,Los Angeles,USA,7K4Yb@example.com,555-5678,secret,true,2022-01-01T00:00:00Z,2022-02-01T00:00:00Z,2022-03-01T00:00:00Z,John Doe,John Doe,John Doe
26,John Doe,30,New York,USA,7K4Yb@example.com,555-1234,secret,true,2022-01-01T00:00:00Z,2022-02-01T00:00:00Z,2022-03-01T00:00:00Z,John Doe,John Doe,John Doe
27,Jane Doe,25,Los Angeles,USA,7K4Yb@example.com,555-5678,secret,true,2022-01-01T00:00:00Z,2022-02-01T00:00:00Z,2022-03-01T00:00:00Z,John Doe,John Doe,John Doe
28,John Doe,30,New York,USA,7K4Yb@example.com,555-1234,secret,true,2022-01-01T00:00:00Z,2022-02-01T00:00:00Z,2022-03-01T00:00:00Z,John Doe,John Doe,John Doe
29,Jane Doe,25,Los Angeles,USA,7K4Yb@example.com,555-5678,secret,true,2022-01-01T00:00:00Z,2022-02-01T00:00:00Z,2022-03-01T00:00:00Z,John Doe,John Doe,John Doe
30,John Doe,30,New York,USA,7K4Yb@example.com,555-1234,secret,true,2022-01-01T00:00:00Z,2022-02-01T00:00:00Z,2022-03-01T00:00:00Z,John Doe,John Doe,John Doe
31,Jane Doe,25,Los Angeles,USA,7K4Yb@example.com,555-5678,secret,true,2022-01-01T00:00:00Z,2022-02-01T00:00:00Z,2022-03-01T00:00:00Z,John Doe,John Doe,John Doe
1,John Doe,30,New York,USA,7K4Yb@example.com,555-1234,secret,true,2022-01-01T00:00:00Z,2022-02-01T00:00:00Z,2022-03-01T00:00:00Z,John Doe,John Doe,John Doe
2,Jane Doe,25,Los Angeles,USA,7K4Yb@example.com,555-5678,secret,true,2022-01-01T00:00:00Z,2022-02-01T00:00:00Z,2022-03-01T00:00:00Z,John Doe,John Doe,John Doe
3,John Doe,30,New York,USA,7K4Yb@example.com,555-1234,secret,true,2022-01-01T00:00:00Z,2022-02-01T00:00:00Z,2022-03-01T00:00:00Z,John Doe,John Doe,John Doe
4,Jane Doe,25,Los Angeles,USA,7K4Yb@example.com,555-5678,secret,true,2022-01-01T00:00:00Z,2022-02-01T00:00:00Z,2022-03-01T00:00:00Z,John Doe,John Doe,John Doe
5,John Doe,30,New York,USA,7K4Yb@example.com,555-1234,secret,true,2022-01-01T00:00:00Z,2022-02-01T00:00:00Z,2022-03-01T00:00:00Z,John Doe,John Doe,John Doe
6,Jane Doe,25,Los Angeles,USA,7K4Yb@example.com,555-5678,secret,true,2022-01-01T00:00:00Z,2022-02-01T00:00:00Z,2022-03-01T00:00:00Z,John Doe,John Doe,John Doe
7,John Doe,30,New York,USA,7K4Yb@example.com,555-1234,secret,true,2022-01-01T00:00:00Z,2022-02-01T00:00:00Z,2022-03-01T00:00:00Z,John Doe,John Doe,John Doe
8,Jane Doe,25,Los Angeles,USA,7K4Yb@example.com,555-5678,secret,true,2022-01-01T00:00:00Z,2022-02-01T00:00:00Z,2022-03-01T00:00:00Z,John Doe,John Doe,John Doe
9,John Doe,30,New York,USA,7K4Yb@example.com,555-1234,secret,true,2022-01-01T00:00:00Z,2022-02-01T00:00:00Z,2022-03-01T00:00:00Z,John Doe,John Doe,John Doe
10,Jane Doe,25,Los Angeles,USA,7K4Yb@example.com,555-5678,secret,true,2022-01-01T00:00:00Z,2022-02-01T00:00:00Z,2022-03-01T00:00:00Z,John Doe,John Doe,John Doe
11,John Doe,30,New York,USA,7K4Yb@example.com,555-1234,secret,true,2022-01-01T00:00:00Z,2022-02-01T00:00:00Z,2022-03-01T00:00:00Z,John Doe,John Doe,John Doe
12,Jane Doe,25,Los Angeles,USA,7K4Yb@example.com,555-5678,secret,true,2022-01-01T00:00:00Z,2022-02-01T00:00:00Z,2022-03-01T00:00:00Z,John Doe,John Doe,John Doe
13,John Doe,30,New York,USA,7K4Yb@example.com,555-1234,secret,true,2022-01-01T00:00:00Z,2022-02-01T00:00:00Z,2022-03-01T00:00:00Z,John Doe,John Doe,John Doe
14,Jane Doe,25,Los Angeles,USA,7K4Yb@example.com,555-5678,secret,true,2022-01-01T00:00:00Z,2022-02-01T00:00:00Z,2022-03-01T00:00:00Z,John Doe,John Doe,John Doe
15,John Doe,30,New York,USA,7K4Yb@example.com,555-1234,secret,true,2022-01-01T00:00:00Z,2022-02-01T00:00:00Z,2022-03-01T00:00:00Z,John Doe,John Doe,John Doe
16,Jane Doe,25,Los Angeles,USA,7K4Yb@example.com,555-5678,secret,true,2022-01-01T00:00:00Z,2022-02-01T00:00:00Z,2022-03-01T00:00:00Z,John Doe,John Doe,John Doe
17,John Doe,30,New York,USA,7K4Yb@example.com,555-1234,secret,true,2022-01-01T00:00:00Z,2022-02-01T00:00:00Z,2022-03-01T00:00:00Z,John Doe,John Doe,John Doe
18,Maria Doe,25,Los Angeles,USA,7K4Yb@example.com,555-5678,secret,true,2022-01-01T00:00:00Z,2022-02-01T00:00:00Z,2022-03-01T00:00:00Z,John Doe,John Doe,John Doe
19,John Doe,30,New York,USA,7K4Yb@example.com,555-1234,secret,true,2022-01-01T00:00:00Z,2022-02-01T00:00:00Z,2022-03-01T00:00:00Z,John Doe,John Doe,John Doe
20,Jane Doe,25,Los Angeles,USA,7K4Yb@example.com,555-5678,secret,true,2022-01-01T00:00:00Z,2022-02-01T00:00:00Z,2022-03-01T00:00:00Z,John Doe,John Doe,John Doe
21,Kennedie Doe,25,Los Angeles,USA,7K4Yb@example.com,555-5678,secret,true,2022-01-01T00:00:00Z,2022-02-01T00:00:00Z,2022-03-01T00:00:00Z,John Doe,John Doe,John Doe
22,John Doe,30,New York,USA,7K4Yb@example.com,555-1234,secret,true,2022-01-01T00:00:00Z,2022-02-01T00:00:00Z,2022-03-01T00:00:00Z,John Doe,John Doe,John Doe
23,Jane Doe,25,Los Angeles,USA,7K4Yb@example.com,555-5678,secret,true,2022-01-01T00:00:00Z,2022-02-01T00:00:00Z,2022-03-01T00:00:00Z,John Doe,John Doe,John Doe
24,John Doe,30,New York,USA,7K4Yb@example.com,555-1234,secret,true,2022-01-01T00:00:00Z,2022-02-01T00:00:00Z,2022-03-01T00:00:00Z,John Doe,John Doe,John Doe
25,Jane Doe,25,Los Angeles,USA,7K4Yb@example.com,555-5678,secret,true,2022-01-01T00:00:00Z,2022-02-01T00:00:00Z,2022-03-01T00:00:00Z,John Doe,John Doe,John Doe
26,John Doe,30,New York,USA,7K4Yb@example.com,555-1234,secret,true,2022-01-01T00:00:00Z,2022-02-01T00:00:00Z,2022-03-01T00:00:00Z,John Doe,John Doe,John Doe
27,Jane Doe,25,Los Angeles,USA,7K4Yb@example.com,555-5678,secret,true,2022-01-01T00:00:00Z,2022-02-01T00:00:00Z,2022-03-01T00:00:00Z,John Doe,John Doe,John Doe
28,John Doe,30,New York,USA,7K4Yb@example.com,555-1234,secret,true,2022-01-01T00:00:00Z,2022-02-01T00:00:00Z,2022-03-01T00:00:00Z,John Doe,John Doe,John Doe
29,Jane Doe,25,Los Angeles,USA,7K4Yb@example.com,555-5678,secret,true,2022-01-01T00:00:00Z,2022-02-01T00:00:00Z,2022-03-01T00:00:00Z,John Doe,John Doe,John Doe
30,John Doe,30,New York,USA,7K4Yb@example.com,555-1234,secret,true,2022-01-01T00:00:00Z,2022-02-01T00:00:00Z,2022-03-01T00:00:00Z,John Doe,John Doe,John Doe
31,Jane Doe,25,Los Angeles,USA,7K4Yb@example.com,555-5678,secret,true,2022-01-01T00:00:00Z,2022-02-01T00:00:00Z,2022-03-01T00:00:00Z,John Doe,John Doe,John Doe
1,John Doe,30,New York,USA,7K4Yb@example.com,555-1234,secret,true,2022-01-01T00:00:00Z,2022-02-01T00:00:00Z,2022-03-01T00:00:00Z,John Doe,John Doe,John Doe
2,Jane Doe,25,Los Angeles,USA,7K4Yb@example.com,555-5678,secret,true,2022-01-01T00:00:00Z,2022-02-01T00:00:00Z,2022-03-01T00:00:00Z,John Doe,John Doe,John Doe
3,John Doe,30,New York,USA,7K4Yb@example.com,555-1234,secret,true,2022-01-01T00:00:00Z,2022-02-01T00:00:00Z,2022-03-01T00:00:00Z,John Doe,John Doe,John Doe
4,Jane Doe,25,Los Angeles,USA,7K4Yb@example.com,555-5678,secret,true,2022-01-01T00:00:00Z,2022-02-01T00:00:00Z,2022-03-01T00:00:00Z,John Doe,John Doe,John Doe
5,John Doe,30,New York,USA,7K4Yb@example.com,555-1234,secret,true,2022-01-01T00:00:00Z,2022-02-01T00:00:00Z,2022-03-01T00:00:00Z,John Doe,John Doe,John Doe
6,Jane Doe,25,Los Angeles,USA,7K4Yb@example.com,555-5678,secret,true,2022-01-01T00:00:00Z,2022-02-01T00:00:00Z,2022-03-01T00:00:00Z,John Doe,John Doe,John Doe
7,John Doe,30,New York,USA,7K4Yb@example.com,555-1234,secret,true,2022-01-01T00:00:00Z,2022-02-01T00:00:00Z,2022-03-01T00:00:00Z,John Doe,John Doe,John Doe
8,Jane Doe,25,Los Angeles,USA,7K4Yb@example.com,555-5678,secret,true,2022-01-01T00:00:00Z,2022-02-01T00:00:00Z,2022-03-01T00:00:00Z,John Doe,John Doe,John Doe
9,John Doe,30,New York,USA,7K4Yb@example.com,555-1234,secret,true,2022-01-01T00:00:00Z,2022-02-01T00:00:00Z,2022-03-01T00:00:00Z,John Doe,John Doe,John Doe
10,Jane Doe,25,Los Angeles,USA,7K4Yb@example.com,555-5678,secret,true,2022-01-01T00:00:00Z,2022-02-01T00:00:00Z,2022-03-01T00:00:00Z,John Doe,John Doe,John Doe
11,John Doe,30,New York,USA,7K4Yb@example.com,555-1234,secret,true,2022-01-01T00:00:00Z,2022-02-01T00:00:00Z,2022-03-01T00:00:00Z,John Doe,John Doe,John Doe
12,Jane Doe,25,Los Angeles,USA,7K4Yb@example.com,555-5678,secret,true,2022-01-01T00:00:00Z,2022-02-01T00:00:00Z,2022-03-01T00:00:00Z,John Doe,John Doe,John Doe
13,John Doe,30,New York,USA,7K4Yb@example.com,555-1234,secret,true,2022-01-01T00:00:00Z,2022-02-01T00:00:00Z,2022-03-01T00:00:00Z,John Doe,John Doe,John Doe
14,Jane Doe,25,Los Angeles,USA,7K4Yb@example.com,555-5678,secret,true,2022-01-01T00:00:00Z,2022-02-01T00:00:00Z,2022-03-01T00:00:00Z,John Doe,John Doe,John Doe
15,John Doe,30,New York,USA,7K4Yb@example.com,555-1234,secret,true,2022-01-01T00:00:00Z,2022-02-01T00:00:00Z,2022-03-01T00:00:00Z,John Doe,John Doe,John Doe
16,Jane Doe,25,Los Angeles,USA,7K4Yb@example.com,555-5678,secret,true,2022-01-01T00:00:00Z,2022-02-01T00:00:00Z,2022-03-01T00:00:00Z,John Doe,John Doe,John Doe
17,John Doe,30,New York,USA,7K4Yb@example.com,555-1234,secret,true,2022-01-01T00:00:00Z,2022-02-01T00:00:00Z,2022-03-01T00:00:00Z,John Doe,John Doe,John Doe
18,Maria Doe,25,Los Angeles,USA,7K4Yb@example.com,555-5678,secret,true,2022-01-01T00:00:00Z,2022-02-01T00:00:00Z,2022-03-01T00:00:00Z,John Doe,John Doe,John Doe
19,John Doe,30,New York,USA,7K4Yb@example.com,555-1234,secret,true,2022-01-01T00:00:00Z,2022-02-01T00:00:00Z,2022-03-01T00:00:00Z,John Doe,John Doe,John Doe
20,Jane Doe,25,Los Angeles,USA,7K4Yb@example.com,555-5678,secret,true,2022-01-01T00:00:00Z,2022-02-01T00:00:00Z,2022-03-01T00:00:00Z,John Doe,John Doe,John Doe
21,Kennedie Doe,25,Los Angeles,USA,7K4Yb@example.com,555-5678,secret,true,2022-01-01T00:00:00Z,2022-02-01T00:00:00Z,2022-03-01T00:00:00Z,John Doe,John Doe,John Doe
22,John Doe,30,New York,USA,7K4Yb@example.com,555-1234,secret,true,2022-01-01T00:00:00Z,2022-02-01T00:00:00Z,2022-03-01T00:00:00Z,John Doe,John Doe,John Doe
23,Jane Doe,25,Los Angeles,USA,7K4Yb@example.com,555-5678,secret,true,2022-01-01T00:00:00Z,2022-02-01T00:00:00Z,2022-03-01T00:00:00Z,John Doe,John Doe,John Doe
24,John Doe,30,New York,USA,7K4Yb@example.com,555-1234,secret,true,2022-01-01T00:00:00Z,2022-02-01T00:00:00Z,2022-03-01T00:00:00Z,John Doe,John Doe,John Doe
25,Jane Doe,25,Los Angeles,USA,7K4Yb@example.com,555-5678,secret,true,2022-01-01T00:00:00Z,2022-02-01T00:00:00Z,2022-03-01T00:00:00Z,John Doe,John Doe,John Doe
26,John Doe,30,New York,USA,7K4Yb@example.com,555-1234,secret,true,2022-01-01T00:00:00Z,2022-02-01T00:00:00Z,2022-03-01T00:00:00Z,John Doe,John Doe,John Doe
27,Jane Doe,25,Los Angeles,USA,7K4Yb@example.com,555-5678,secret,true,2022-01-01T00:00:00Z,2022-02-01T00:00:00Z,2022-03-01T00:00:00Z,John Doe,John Doe,John Doe
28,John Doe,30,New York,USA,7K4Yb@example.com,555-1234,secret,true,2022-01-01T00:00:00Z,2022-02-01T00:00:00Z,2022-03-01T00:00:00Z,John Doe,John Doe,John Doe
29,Jane Doe,25,Los Angeles,USA,7K4Yb@example.com,555-5678,secret,true,2022-01-01T00:00:00Z,2022-02-01T00:00:00Z,2022-03-01T00:00:00Z,John Doe,John Doe,John Doe
30,John Doe,30,New York,USA,7K4Yb@example.com,555-1234,secret,true,2022-01-01T00:00:00Z,2022-02-01T00:00:00Z,2022-03-01T00:00:00Z,John Doe,John Doe,John Doe
31,Jane Doe,25,Los Angeles,USA,7K4Yb@example.com,555-5678,secret,true,2022-01-01T00:00:00Z,2022-02-01T00:00:00Z,2022-03-01T00:00:00Z,John Doe,John Doe,John Doe
1,John Doe,30,New York,USA,7K4Yb@example.com,555-1234,secret,true,2022-01-01T00:00:00Z,2022-02-01T00:00:00Z,2022-03-01T00:00:00Z,John Doe,John Doe,John Doe
2,Jane Doe,25,Los Angeles,USA,7K4Yb@example.com,555-5678,secret,true,2022-01-01T00:00:00Z,2022-02-01T00:00:00Z,2022-03-01T00:00:00Z,John Doe,John Doe,John Doe
3,John Doe,30,New York,USA,7K4Yb@example.com,555-1234,secret,true,2022-01-01T00:00:00Z,2022-02-01T00:00:00Z,2022-03-01T00:00:00Z,John Doe,John Doe,John Doe
4,Jane Doe,25,Los Angeles,USA,7K4Yb@example.com,555-5678,secret,true,2022-01-01T00:00:00Z,2022-02-01T00:00:00Z,2022-03-01T00:00:00Z,John Doe,John Doe,John Doe
5,John Doe,30,New York,USA,7K4Yb@example.com,555-1234,secret,true,2022-01-01T00:00:00Z,2022-02-01T00:00:00Z,2022-03-01T00:00:00Z,John Doe,John Doe,John Doe
6,Jane Doe,25,Los Angeles,USA,7K4Yb@example.com,555-5678,secret,true,2022-01-01T00:00:00Z,2022-02-01T00:00:00Z,2022-03-01T00:00:00Z,John Doe,John Doe,John Doe
7,John Doe,30,New York,USA,7K4Yb@example.com,555-1234,secret,true,2022-01-01T00:00:00Z,2022-02-01T00:00:00Z,2022-03-01T00:00:00Z,John Doe,John Doe,John Doe
8,Jane Doe,25,Los Angeles,USA,7K4Yb@example.com,555-5678,secret,true,2022-01-01T00:00:00Z,2022-02-01T00:00:00Z,2022-03-01T00:00:00Z,John Doe,John Doe,John Doe
9,John Doe,30,New York,USA,7K4Yb@example.com,555-1234,secret,true,2022-01-01T00:00:00Z,2022-02-01T00:00:00Z,2022-03-01T00:00:00Z,John Doe,John Doe,John Doe
10,Jane Doe,25,Los Angeles,USA,7K4Yb@example.com,555-5678,secret,true,2022-01-01T00:00:00Z,2022-02-01T00:00:00Z,2022-03-01T00:00:00Z,John Doe,John Doe,John Doe
11,John Doe,30,New York,USA,7K4Yb@example.com,555-1234,secret,true,2022-01-01T00:00:00Z,2022-02-01T00:00:00Z,2022-03-01T00:00:00Z,John Doe,John Doe,John Doe
12,Jane Doe,25,Los Angeles,USA,7K4Yb@example.com,555-5678,secret,true,2022-01-01T00:00:00Z,2022-02-01T00:00:00Z,2022-03-01T00:00:00Z,John Doe,John Doe,John Doe
13,John Doe,30,New York,USA,7K4Yb@example.com,555-1234,secret,true,2022-01-01T00:00:00Z,2022-02-01T00:00:00Z,2022-03-01T00:00:00Z,John Doe,John Doe,John Doe
14,Jane Doe,25,Los Angeles,USA,7K4Yb@example.com,555-5678,secret,true,2022-01-01T00:00:00Z,2022-02-01T00:00:00Z,2022-03-01T00:00:00Z,John Doe,John Doe,John Doe
15,John Doe,30,New York,USA,7K4Yb@example.com,555-1234,secret,true,2022-01-01T00:00:00Z,2022-02-01T00:00:00Z,2022-03-01T00:00:00Z,John Doe,John Doe,John Doe
16,Jane Doe,25,Los Angeles,USA,7K4Yb@example.com,555-5678,secret,true,2022-01-01T00:00:00Z,2022-02-01T00:00:00Z,2022-03-01T00:00:00Z,John Doe,John Doe,John Doe
17,John Doe,30,New York,USA,7K4Yb@example.com,555-1234,secret,true,2022-01-01T00:00:00Z,2022-02-01T00:00:00Z,2022-03-01T00:00:00Z,John Doe,John Doe,John Doe
18,Maria Doe,25,Los Angeles,USA,7K4Yb@example.com,555-5678,secret,true,2022-01-01T00:00:00Z,2022-02-01T00:00:00Z,2022-03-01T00:00:00Z,John Doe,John Doe,John Doe
19,John Doe,30,New York,USA,7K4Yb@example.com,555-1234,secret,true,2022-01-01T00:00:00Z,2022-02-01T00:00:00Z,2022-03-01T00:00:00Z,John Doe,John Doe,John Doe
20,Jane Doe,25,Los Angeles,USA,7K4Yb@example.com,555-5678,secret,true,2022-01-01T00:00:00Z,2022-02-01T00:00:00Z,2022-03-01T00:00:00Z,John Doe,John Doe,John Doe
21,Kennedie Doe,25,Los Angeles,USA,7K4Yb@example.com,555-5678,secret,true,2022-01-01T00:00:00Z,2022-02-01T00:00:00Z,2022-03-01T00:00:00Z,John Doe,John Doe,John Doe
22,John Doe,30,New York,USA,7K4Yb@example.com,555-1234,secret,true,2022-01-01T00:00:00Z,2022-02-01T00:00:00Z,2022-03-01T00:00:00Z,John Doe,John Doe,John Doe
23,Jane Doe,25,Los Angeles,USA,7K4Yb@example.com,555-5678,secret,true,2022-01-01T00:00:00Z,2022-02-01T00:00:00Z,2022-03-01T00:00:00Z,John Doe,John Doe,John Doe
24,John Doe,30,New York,USA,7K4Yb@example.com,555-1234,secret,true,2022-01-01T00:00:00Z,2022-02-01T00:00:00Z,2022-03-01T00:00:00Z,John Doe,John Doe,John Doe
25,Jane Doe,25,Los Angeles,USA,7K4Yb@example.com,555-5678,secret,true,2022-01-01T00:00:00Z,2022-02-01T00:00:00Z,2022-03-01T00:00:00Z,John Doe,John Doe,John Doe
26,John Doe,30,New York,USA,7K4Yb@example.com,555-1234,secret,true,2022-01-01T00:00:00Z,2022-02-01T00:00:00Z,2022-03-01T00:00:00Z,John Doe,John Doe,John Doe
27,Jane Doe,25,Los Angeles,USA,7K4Yb@example.com,555-5678,secret,true,2022-01-01T00:00:00Z,2022-02-01T00:00:00Z,2022-03-01T00:00:00Z,John Doe,John Doe,John Doe
28,John Doe,30,New York,USA,7K4Yb@example.com,555-1234,secret,true,2022-01-01T00:00:00Z,2022-02-01T00:00:00Z,2022-03-01T00:00:00Z,John Doe,John Doe,John Doe
29,Jane Doe,25,Los Angeles,USA,7K4Yb@example.com,555-5678,secret,true,2022-01-01T00:00:00Z,2022-02-01T00:00:00Z,2022-03-01T00:00:00Z,John Doe,John Doe,John Doe
30,John Doe,30,New York,USA,7K4Yb@example.com,555-1234,secret,true,2022-01-01T00:00:00Z,2022-02-01T00:00:00Z,2022-03-01T00:00:00Z,John Doe,John Doe,John Doe
31,Jane Doe,25,Los Angeles,USA,7K4Yb@example.com,555-5678,secret,true,2022-01-01T00:00:00Z,2022-02-01T00:00:00Z,2022-03-01T00:00:00Z,John Doe,John Doe,John Doe
1,John Doe,30,New York,USA,7K4Yb@example.com,555-1234,secret,true,2022-01-01T00:00:00Z,2022-02-01T00:00:00Z,2022-03-01T00:00:00Z,John Doe,John Doe,John Doe
2,Jane Doe,25,Los Angeles,USA,7K4Yb@example.com,555-5678,secret,true,2022-01-01T00:00:00Z,2022-02-01T00:00:00Z,2022-03-01T00:00:00Z,John Doe,John Doe,John Doe
3,John Doe,30,New York,USA,7K4Yb@example.com,555-1234,secret,true,2022-01-01T00:00:00Z,2022-02-01T00:00:00Z,2022-03-01T00:00:00Z,John Doe,John Doe,John Doe
4,Jane Doe,25,Los Angeles,USA,7K4Yb@example.com,555-5678,secret,true,2022-01-01T00:00:00Z,2022-02-01T00:00:00Z,2022-03-01T00:00:00Z,John Doe,John Doe,John Doe
5,John Doe,30,New York,USA,7K4Yb@example.com,555-1234,secret,true,2022-01-01T00:00:00Z,2022-02-01T00:00:00Z,2022-03-01T00:00:00Z,John Doe,John Doe,John Doe
6,Jane Doe,25,Los Angeles,USA,7K4Yb@example.com,555-5678,secret,true,2022-01-01T00:00:00Z,2022-02-01T00:00:00Z,2022-03-01T00:00:00Z,John Doe,John Doe,John Doe
7,John Doe,30,New York,USA,7K4Yb@example.com,555-1234,secret,true,2022-01-01T00:00:00Z,2022-02-01T00:00:00Z,2022-03-01T00:00:00Z,John Doe,John Doe,John Doe
8,Jane Doe,25,Los Angeles,USA,7K4Yb@example.com,555-5678,secret,true,2022-01-01T00:00:00Z,2022-02-01T00:00:00Z,2022-03-01T00:00:00Z,John Doe,John Doe,John Doe
9,John Doe,30,New York,USA,7K4Yb@example.com,555-1234,secret,true,2022-01-01T00:00:00Z,2022-02-01T00:00:00Z,2022-03-01T00:00:00Z,John Doe,John Doe,John Doe
10,Jane Doe,25,Los Angeles,USA,7K4Yb@example.com,555-5678,secret,true,2022-01-01T00:00:00Z,2022-02-01T00:00:00Z,2022-03-01T00:00:00Z,John Doe,John Doe,John Doe
11,John Doe,30,New York,USA,7K4Yb@example.com,555-1234,secret,true,2022-01-01T00:00:00Z,2022-02-01T00:00:00Z,2022-03-01T00:00:00Z,John Doe,John Doe,John Doe
12,Jane Doe,25,Los Angeles,USA,7K4Yb@example.com,555-5678,secret,true,2022-01-01T00:00:00Z,2022-02-01T00:00:00Z,2022-03-01T00:00:00Z,John Doe,John Doe,John Doe
13,John Doe,30,New York,USA,7K4Yb@example.com,555-1234,secret,true,2022-01-01T00:00:00Z,2022-02-01T00:00:00Z,2022-03-01T00:00:00Z,John Doe,John Doe,John Doe
14,Jane Doe,25,Los Angeles,USA,7K4Yb@example.com,555-5678,secret,true,2022-01-01T00:00:00Z,2022-02-01T00:00:00Z,2022-03-01T00:00:00Z,John Doe,John Doe,John Doe
15,John Doe,30,New York,USA,7K4Yb@example.com,555-1234,secret,true,2022-01-01T00:00:00Z,2022-02-01T00:00:00Z,2022-03-01T00:00:00Z,John Doe,John Doe,John Doe
16,Jane Doe,25,Los Angeles,USA,7K4Yb@example.com,555-5678,secret,true,2022-01-01T00:00:00Z,2022-02-01T00:00:00Z,2022-03-01T00:00:00Z,John Doe,John Doe,John Doe
17,John Doe,30,New York,USA,7K4Yb@example.com,555-1234,secret,true,2022-01-01T00:00:00Z,2022-02-01T00:00:00Z,2022-03-01T00:00:00Z,John Doe,John Doe,John Doe
18,Maria Doe,25,Los Angeles,USA,7K4Yb@example.com,555-5678,secret,true,2022-01-01T00:00:00Z,2022-02-01T00:00:00Z,2022-03-01T00:00:00Z,John Doe,John Doe,John Doe
19,John Doe,30,New York,USA,7K4Yb@example.com,555-1234,secret,true,2022-01-01T00:00:00Z,2022-02-01T00:00:00Z,2022-03-01T00:00:00Z,John Doe,John Doe,John Doe
20,Jane Doe,25,Los Angeles,USA,7K4Yb@example.com,555-5678,secret,true,2022-01-01T00:00:00Z,2022-02-01T00:00:00Z,2022-03-01T00:00:00Z,John Doe,John Doe,John Doe
21,Kennedie Doe,25,Los Angeles,USA,7K4Yb@example.com,555-5678,secret,true,2022-01-01T00:00:00Z,2022-02-01T00:00:00Z,2022-03-01T00:00:00Z,John Doe,John Doe,John Doe
22,John Doe,30,New York,USA,7K4Yb@example.com,555-1234,secret,true,2022-01-01T00:00:00Z,2022-02-01T00:00:00Z,2022-03-01T00:00:00Z,John Doe,John Doe,John Doe
23,Jane Doe,25,Los Angeles,USA,7K4Yb@example.com,555-5678,secret,true,2022-01-01T00:00:00Z,2022-02-01T00:00:00Z,2022-03-01T00:00:00Z,John Doe,John Doe,John Doe
24,John Doe,30,New York,USA,7K4Yb@example.com,555-1234,secret,true,2022-01-01T00:00:00Z,2022-02-01T00:00:00Z,2022-03-01T00:00:00Z,John Doe,John Doe,John Doe
25,Jane Doe,25,Los Angeles,USA,7K4Yb@example.com,555-5678,secret,true,2022-01-01T00:00:00Z,2022-02-01T00:00:00Z,2022-03-01T00:00:00Z,John Doe,John Doe,John Doe
26,John Doe,30,New York,USA,7K4Yb@example.com,555-1234,secret,true,2022-01-01T00:00:00Z,2022-02-01T00:00:00Z,2022-03-01T00:00:00Z,John Doe,John Doe,John Doe
27,Jane Doe,25,Los Angeles,USA,7K4Yb@example.com,555-5678,secret,true,2022-01-01T00:00:00Z,2022-02-01T00:00:00Z,2022-03-01T00:00:00Z,John Doe,John Doe,John Doe
28,John Doe,30,New York,USA,7K4Yb@example.com,555-1234,secret,true,2022-01-01T00:00:00Z,2022-02-01T00:00:00Z,2022-03-01T00:00:00Z,John Doe,John Doe,John Doe
29,Jane Doe,25,Los Angeles,USA,7K4Yb@example.com,555-5678,secret,true,2022-01-01T00:00:00Z,2022-02-01T00:00:00Z,2022-03-01T00:00:00Z,John Doe,John Doe,John Doe
30,John Doe,30,New York,USA,7K4Yb@example.com,555-1234,secret,true,2022-01-01T00:00:00Z,2022-02-01T00:00:00Z,2022-03-01T00:00:00Z,John Doe,John Doe,John Doe
31,Jane Doe,25,Los Angeles,USA,7K4Yb@example.com,555-5678,secret,true,2022-01-01T00:00:00Z,2022-02-01T00:00:00Z,2022-03-01T00:00:00Z,John Doe,John Doe,John Doe
1,John Doe,30,New York,USA,7K4Yb@example.com,555-1234,secret,true,2022-01-01T00:00:00Z,2022-02-01T00:00:00Z,2022-03-01T00:00:00Z,John Doe,John Doe,John Doe
2,Jane Doe,25,Los Angeles,USA,7K4Yb@example.com,555-5678,secret,true,2022-01-01T00:00:00Z,2022-02-01T00:00:00Z,2022-03-01T00:00:00Z,John Doe,John Doe,John Doe
3,John Doe,30,New York,USA,7K4Yb@example.com,555-1234,secret,true,2022-01-01T00:00:00Z,2022-02-01T00:00:00Z,2022-03-01T00:00:00Z,John Doe,John Doe,John Doe
4,Jane Doe,25,Los Angeles,USA,7K4Yb@example.com,555-5678,secret,true,2022-01-01T00:00:00Z,2022-02-01T00:00:00Z,2022-03-01T00:00:00Z,John Doe,John Doe,John Doe
5,John Doe,30,New York,USA,7K4Yb@example.com,555-1234,secret,true,2022-01-01T00:00:00Z,2022-02-01T00:00:00Z,2022-03-01T00:00:00Z,John Doe,John Doe,John Doe
6,Jane Doe,25,Los Angeles,USA,7K4Yb@example.com,555-5678,secret,true,2022-01-01T00:00:00Z,2022-02-01T00:00:00Z,2022-03-01T00:00:00Z,John Doe,John Doe,John Doe
7,John Doe,30,New York,USA,7K4Yb@example.com,555-1234,secret,true,2022-01-01T00:00:00Z,2022-02-01T00:00:00Z,2022-03-01T00:00:00Z,John Doe,John Doe,John Doe
8,Jane Doe,25,Los Angeles,USA,7K4Yb@example.com,555-5678,secret,true,2022-01-01T00:00:00Z,2022-02-01T00:00:00Z,2022-03-01T00:00:00Z,John Doe,John Doe,John Doe
9,John Doe,30,New York,USA,7K4Yb@example.com,555-1234,secret,true,2022-01-01T00:00:00Z,2022-02-01T00:00:00Z,2022-03-01T00:00:00Z,John Doe,John Doe,John Doe
10,Jane Doe,25,Los Angeles,USA,7K4Yb@example.com,555-5678,secret,true,2022-01-01T00:00:00Z,2022-02-01T00:00:00Z,2022-03-01T00:00:00Z,John Doe,John Doe,John Doe
11,John Doe,30,New York,USA,7K4Yb@example.com,555-1234,secret,true,2022-01-01T00:00:00Z,2022-02-01T00:00:00Z,2022-03-01T00:00:00Z,John Doe,John Doe,John Doe
12,Jane Doe,25,Los Angeles,USA,7K4Yb@example.com,555-5678,secret,true,2022-01-01T00:00:00Z,2022-02-01T00:00:00Z,2022-03-01T00:00:00Z,John Doe,John Doe,John Doe
13,John Doe,30,New York,USA,7K4Yb@example.com,555-1234,secret,true,2022-01-01T00:00:00Z,2022-02-01T00:00:00Z,2022-03-01T00:00:00Z,John Doe,John Doe,John Doe
14,Jane Doe,25,Los Angeles,USA,7K4Yb@example.com,555-5678,secret,true,2022-01-01T00:00:00Z,2022-02-01T00:00:00Z,2022-03-01T00:00:00Z,John Doe,John Doe,John Doe
15,John Doe,30,New York,USA,7K4Yb@example.com,555-1234,secret,true,2022-01-01T00:00:00Z,2022-02-01T00:00:00Z,2022-03-01T00:00:00Z,John Doe,John Doe,John Doe
16,Jane Doe,25,Los Angeles,USA,7K4Yb@example.com,555-5678,secret,true,2022-01-01T00:00:00Z,2022-02-01T00:00:00Z,2022-03-01T00:00:00Z,John Doe,John Doe,John Doe
17,John Doe,30,New York,USA,7K4Yb@example.com,555-1234,secret,true,2022-01-01T00:00:00Z,2022-02-01T00:00:00Z,2022-03-01T00:00:00Z,John Doe,John Doe,John Doe
18,Maria Doe,25,Los Angeles,USA,7K4Yb@example.com,555-5678,secret,true,2022-01-01T00:00:00Z,2022-02-01T00:00:00Z,2022-03-01T00:00:00Z,John Doe,John Doe,John Doe
19,John Doe,30,New York,USA,7K4Yb@example.com,555-1234,secret,true,2022-01-01T00:00:00Z,2022-02-01T00:00:00Z,2022-03-01T00:00:00Z,John Doe,John Doe,John Doe
20,Jane Doe,25,Los Angeles,USA,7K4Yb@example.com,555-5678,secret,true,2022-01-01T00:00:00Z,2022-02-01T00:00:00Z,2022-03-01T00:00:00Z,John Doe,John Doe,John Doe
21,Kennedie Doe,25,Los Angeles,USA,7K4Yb@example.com,555-5678,secret,true,2022-01-01T00:00:00Z,2022-02-01T00:00:00Z,2022-03-01T00:00:00Z,John Doe,John Doe,John Doe
22,John Doe,30,New York,USA,7K4Yb@example.com,555-1234,secret,true,2022-01-01T00:00:00Z,2022-02-01T00:00:00Z,2022-03-01T00:00:00Z,John Doe,John Doe,John Doe
23,Jane Doe,25,Los Angeles,USA,7K4Yb@example.com,555-5678,secret,true,2022-01-01T00:00:00Z,2022-02-01T00:00:00Z,2022-03-01T00:00:00Z,John Doe,John Doe,John Doe
24,John Doe,30,New York,USA,7K4Yb@example.com,555-1234,secret,true,2022-01-01T00:00:00Z,2022-02-01T00:00:00Z,2022-03-01T00:00:00Z,John Doe,John Doe,John Doe
25,Jane Doe,25,Los Angeles,USA,7K4Yb@example.com,555-5678,secret,true,2022-01-01T00:00:00Z,2022-02-01T00:00:00Z,2022-03-01T00:00:00Z,John Doe,John Doe,John Doe
26,John Doe,30,New York,USA,7K4Yb@example.com,555-1234,secret,true,2022-01-01T00:00:00Z,2022-02-01T00:00:00Z,2022-03-01T00:00:00Z,John Doe,John Doe,John Doe
27,Jane Doe,25,Los Angeles,USA,7K4Yb@example.com,555-5678,secret,true,2022-01-01T00:00:00Z,2022-02-01T00:00:00Z,2022-03-01T00:00:00Z,John Doe,John Doe,John Doe
28,John Doe,30,New York,USA,7K4Yb@example.com,555-1234,secret,true,2022-01-01T00:00:00Z,2022-02-01T00:00:00Z,2022-03-01T00:00:00Z,John Doe,John Doe,John Doe
29,Jane Doe,25,Los Angeles,USA,7K4Yb@example.com,555-5678,secret,true,2022-01-01T00:00:00Z,2022-02-01T00:00:00Z,2022-03-01T00:00:00Z,John Doe,John Doe,John Doe
30,John Doe,30,New York,USA,7K4Yb@example.com,555-1234,secret,true,2022-01-01T00:00:00Z,2022-02-01T00:00:00Z,2022-03-01T00:00:00Z,John Doe,John Doe,John Doe
31,Jane Doe,25,Los Angeles,USA,7K4Yb@example.com,555-5678,secret,true,2022-01-01T00:00:00Z,2022-02-01T00:00:00Z,2022-03-01T00:00:00Z,John Doe,John Doe,John Doe
1,John Doe,30,New York,USA,7K4Yb@example.com,555-1234,secret,true,2022-01-01T00:00:00Z,2022-02-01T00:00:00Z,2022-03-01T00:00:00Z,John Doe,John Doe,John Doe
2,Jane Doe,25,Los Angeles,USA,7K4Yb@example.com,555-5678,secret,true,2022-01-01T00:00:00Z,2022-02-01T00:00:00Z,2022-03-01T00:00:00Z,John Doe,John Doe,John Doe
3,John Doe,30,New York,USA,7K4Yb@example.com,555-1234,secret,true,2022-01-01T00:00:00Z,2022-02-01T00:00:00Z,2022-03-01T00:00:00Z,John Doe,John Doe,John Doe
4,Jane Doe,25,Los Angeles,USA,7K4Yb@example.com,555-5678,secret,true,2022-01-01T00:00:00Z,2022-02-01T00:00:00Z,2022-03-01T00:00:00Z,John Doe,John Doe,John Doe
5,John Doe,30,New York,USA,7K4Yb@example.com,555-1234,secret,true,2022-01-01T00:00:00Z,2022-02-01T00:00:00Z,2022-03-01T00:00:00Z,John Doe,John Doe,John Doe
6,Jane Doe,25,Los Angeles,USA,7K4Yb@example.com,555-5678,secret,true,2022-01-01T00:00:00Z,2022-02-01T00:00:00Z,2022-03-01T00:00:00Z,John Doe,John Doe,John Doe
7,John Doe,30,New York,USA,7K4Yb@example.com,555-1234,secret,true,2022-01-01T00:00:00Z,2022-02-01T00:00:00Z,2022-03-01T00:00:00Z,John Doe,John Doe,John Doe
8,Jane Doe,25,Los Angeles,USA,7K4Yb@example.com,555-5678,secret,true,2022-01-01T00:00:00Z,2022-02-01T00:00:00Z,2022-03-01T00:00:00Z,John Doe,John Doe,John Doe
9,John Doe,30,New York,USA,7K4Yb@example.com,555-1234,secret,true,2022-01-01T00:00:00Z,2022-02-01T00:00:00Z,2022-03-01T00:00:00Z,John Doe,John Doe,John Doe
10,Jane Doe,25,Los Angeles,USA,7K4Yb@example.com,555-5678,secret,true,2022-01-01T00:00:00Z,2022-02-01T00:00:00Z,2022-03-01T00:00:00Z,John Doe,John Doe,John Doe
11,John Doe,30,New York,USA,7K4Yb@example.com,555-1234,secret,true,2022-01-01T00:00:00Z,2022-02-01T00:00:00Z,2022-03-01T00:00:00Z,John Doe,John Doe,John Doe
12,Jane Doe,25,Los Angeles,USA,7K4Yb@example.com,555-5678,secret,true,2022-01-01T00:00:00Z,2022-02-01T00:00:00Z,2022-03-01T00:00:00Z,John Doe,John Doe,John Doe
13,John Doe,30,New York,USA,7K4Yb@example.com,555-1234,secret,true,2022-01-01T00:00:00Z,2022-02-01T00:00:00Z,2022-03-01T00:00:00Z,John Doe,John Doe,John Doe
14,Jane Doe,25,Los Angeles,USA,7K4Yb@example.com,555-5678,secret,true,2022-01-01T00:00:00Z,2022-02-01T00:00:00Z,2022-03-01T00:00:00Z,John Doe,John Doe,John Doe
15,John Doe,30,New York,USA,7K4Yb@example.com,555-1234,secret,true,2022-01-01T00:00:00Z,2022-02-01T00:00:00Z,2022-03-01T00:00:00Z,John Doe,John Doe,John Doe
16,Jane Doe,25,Los Angeles,USA,7K4Yb@example.com,555-5678,secret,true,2022-01-01T00:00:00Z,2022-02-01T00:00:00Z,2022-03-01T00:00:00Z,John Doe,John Doe,John Doe
17,John Doe,30,New York,USA,7K4Yb@example.com,555-1234,secret,true,2022-01-01T00:00:00Z,2022-02-01T00:00:00Z,2022-03-01T00:00:00Z,John Doe,John Doe,John Doe
18,Maria Doe,25,Los Angeles,USA,7K4Yb@example.com,555-5678,secret,true,2022-01-01T00:00:00Z,2022-02-01T00:00:00Z,2022-03-01T00:00:00Z,John Doe,John Doe,John Doe
19,John Doe,30,New York,USA,7K4Yb@example.com,555-1234,secret,true,2022-01-01T00:00:00Z,2022-02-01T00:00:00Z,2022-03-01T00:00:00Z,John Doe,John Doe,John Doe
20,Jane Doe,25,Los Angeles,USA,7K4Yb@example.com,555-5678,secret,true,2022-01-01T00:00:00Z,2022-02-01T00:00:00Z,2022-03-01T00:00:00Z,John Doe,John Doe,John Doe
21,Kennedie Doe,25,Los Angeles,USA,7K4Yb@example.com,555-5678,secret,true,2022-01-01T00:00:00Z,2022-02-01T00:00:00Z,2022-03-01T00:00:00Z,John Doe,John Doe,John Doe
22,John Doe,30,New York,USA,7K4Yb@example.com,555-1234,secret,true,2022-01-01T00:00:00Z,2022-02-01T00:00:00Z,2022-03-01T00:00:00Z,John Doe,John Doe,John Doe
23,Jane Doe,25,Los Angeles,USA,7K4Yb@example.com,555-5678,secret,true,2022-01-01T00:00:00Z,2022-02-01T00:00:00Z,2022-03-01T00:00:00Z,John Doe,John Doe,John Doe
24,John Doe,30,New York,USA,7K4Yb@example.com,555-1234,secret,true,2022-01-01T00:00:00Z,2022-02-01T00:00:00Z,2022-03-01T00:00:00Z,John Doe,John Doe,John Doe
25,Jane Doe,25,Los Angeles,USA,7K4Yb@example.com,555-5678,secret,true,2022-01-01T00:00:00Z,2022-02-01T00:00:00Z,2022-03-01T00:00:00Z,John Doe,John Doe,John Doe
26,John Doe,30,New York,USA,7K4Yb@example.com,555-1234,secret,true,2022-01-01T00:00:00Z,2022-02-01T00:00:00Z,2022-03-01T00:00:00Z,John Doe,John Doe,John Doe
27,Jane Doe,25,Los Angeles,USA,7K4Yb@example.com,555-5678,secret,true,2022-01-01T00:00:00Z,2022-02-01T00:00:00Z,2022-03-01T00:00:00Z,John Doe,John Doe,John Doe
28,John Doe,30,New York,USA,7K4Yb@example.com,555-1234,secret,true,2022-01-01T00:00:00Z,2022-02-01T00:00:00Z,2022-03-01T00:00:00Z,John Doe,John Doe,John Doe
29,Jane Doe,25,Los Angeles,USA,7K4Yb@example.com,555-5678,secret,true,2022-01-01T00:00:00Z,2022-02-01T00:00:00Z,2022-03-01T00:00:00Z,John Doe,John Doe,John Doe
30,John Doe,30,New York,USA,7K4Yb@example.com,555-1234,secret,true,2022-01-01T00:00:00Z,2022-02-01T00:00:00Z,2022-03-01T00:00:00Z,John Doe,John Doe,John Doe
31,Jane Doe,25,Los Angeles,USA,7K4Yb@example.com,555-5678,secret,true,2022-01-01T00:00:00Z,2022-02-01T00:00:00Z,2022-03-01T00:00:00Z,John Doe,John Doe,John Doe
1,John Doe,30,New York,USA,7K4Yb@example.com,555-1234,secret,true,2022-01-01T00:00:00Z,2022-02-01T00:00:00Z,2022-03-01T00:00:00Z,John Doe,John Doe,John Doe
2,Jane Doe,25,Los Angeles,USA,7K4Yb@example.com,555-5678,secret,true,2022-01-01T00:00:00Z,2022-02-01T00:00:00Z,2022-03-01T00:00:00Z,John Doe,John Doe,John Doe
3,John Doe,30,New York,USA,7K4Yb@example.com,555-1234,secret,true,2022-01-01T00:00:00Z,2022-02-01T00:00:00Z,2022-03-01T00:00:00Z,John Doe,John Doe,John Doe
4,Jane Doe,25,Los Angeles,USA,7K4Yb@example.com,555-5678,secret,true,2022-01-01T00:00:00Z,2022-02-01T00:00:00Z,2022-03-01T00:00:00Z,John Doe,John Doe,John Doe
5,John Doe,30,New York,USA,7K4Yb@example.com,555-1234,secret,true,2022-01-01T00:00:00Z,2022-02-01T00:00:00Z,2022-03-01T00:00:00Z,John Doe,John Doe,John Doe
6,Jane Doe,25,Los Angeles,USA,7K4Yb@example.com,555-5678,secret,true,2022-01-01T00:00:00Z,2022-02-01T00:00:00Z,2022-03-01T00:00:00Z,John Doe,John Doe,John Doe
7,John Doe,30,New York,USA,7K4Yb@example.com,555-1234,secret,true,2022-01-01T00:00:00Z,2022-02-01T00:00:00Z,2022-03-01T00:00:00Z,John Doe,John Doe,John Doe
8,Jane Doe,25,Los Angeles,USA,7K4Yb@example.com,555-5678,secret,true,2022-01-01T00:00:00Z,2022-02-01T00:00:00Z,2022-03-01T00:00:00Z,John Doe,John Doe,John Doe
9,John Doe,30,New York,USA,7K4Yb@example.com,555-1234,secret,true,2022-01-01T00:00:00Z,2022-02-01T00:00:00Z,2022-03-01T00:00:00Z,John Doe,John Doe,John Doe
10,Jane Doe,25,Los Angeles,USA,7K4Yb@example.com,555-5678,secret,true,2022-01-01T00:00:00Z,2022-02-01T00:00:00Z,2022-03-01T00:00:00Z,John Doe,John Doe,John Doe
11,John Doe,30,New York,USA,7K4Yb@example.com,555-1234,secret,true,2022-01-01T00:00:00Z,2022-02-01T00:00:00Z,2022-03-01T00:00:00Z,John Doe,John Doe,John Doe
12,Jane Doe,25,Los Angeles,USA,7K4Yb@example.com,555-5678,secret,true,2022-01-01T00:00:00Z,2022-02-01T00:00:00Z,2022-03-01T00:00:00Z,John Doe,John Doe,John Doe
13,John Doe,30,New York,USA,7K4Yb@example.com,555-1234,secret,true,2022-01-01T00:00:00Z,2022-02-01T00:00:00Z,2022-03-01T00:00:00Z,John Doe,John Doe,John Doe
14,Jane Doe,25,Los Angeles,USA,7K4Yb@example.com,555-5678,secret,true,2022-01-01T00:00:00Z,2022-02-01T00:00:00Z,2022-03-01T00:00:00Z,John Doe,John Doe,John Doe
15,John Doe,30,New York,USA,7K4Yb@example.com,555-1234,secret,true,2022-01-01T00:00:00Z,2022-02-01T00:00:00Z,2022-03-01T00:00:00Z,John Doe,John Doe,John Doe
16,Jane Doe,25,Los Angeles,USA,7K4Yb@example.com,555-5678,secret,true,2022-01-01T00:00:00Z,2022-02-01T00:00:00Z,2022-03-01T00:00:00Z,John Doe,John Doe,John Doe
17,John Doe,30,New York,USA,7K4Yb@example.com,555-1234,secret,true,2022-01-01T00:00:00Z,2022-02-01T00:00:00Z,2022-03-01T00:00:00Z,John Doe,John Doe,John Doe
18,Maria Doe,25,Los Angeles,USA,7K4Yb@example.com,555-5678,secret,true,2022-01-01T00:00:00Z,2022-02-01T00:00:00Z,2022-03-01T00:00:00Z,John Doe,John Doe,John Doe
19,John Doe,30,New York,USA,7K4Yb@example.com,555-1234,secret,true,2022-01-01T00:00:00Z,2022-02-01T00:00:00Z,2022-03-01T00:00:00Z,John Doe,John Doe,John Doe
20,Jane Doe,25,Los Angeles,USA,7K4Yb@example.com,555-5678,secret,true,2022-01-01T00:00:00Z,2022-02-01T00:00:00Z,2022-03-01T00:00:00Z,John Doe,John Doe,John Doe
21,Kennedie Doe,25,Los Angeles,USA,7K4Yb@example.com,555-5678,secret,true,2022-01-01T00:00:00Z,2022-02-01T00:00:00Z,2022-03-01T00:00:00Z,John Doe,John Doe,John Doe
22,John Doe,30,New York,USA,7K4Yb@example.com,555-1234,secret,true,2022-01-01T00:00:00Z,2022-02-01T00:00:00Z,2022-03-01T00:00:00Z,John Doe,John Doe,John Doe
23,Jane Doe,25,Los Angeles,USA,7K4Yb@example.com,555-5678,secret,true,2022-01-01T00:00:00Z,2022-02-01T00:00:00Z,2022-03-01T00:00:00Z,John Doe,John Doe,John Doe
24,John Doe,30,New York,USA,7K4Yb@example.com,555-1234,secret,true,2022-01-01T00:00:00Z,2022-02-01T00:00:00Z,2022-03-01T00:00:00Z,John Doe,John Doe,John Doe
25,Jane Doe,25,Los Angeles,USA,7K4Yb@example.com,555-5678,secret,true,2022-01-01T00:00:00Z,2022-02-01T00:00:00Z,2022-03-01T00:00:00Z,John Doe,John Doe,John Doe
26,John Doe,30,New York,USA,7K4Yb@example.com,555-1234,secret,true,2022-01-01T00:00:00Z,2022-02-01T00:00:00Z,2022-03-01T00:00:00Z,John Doe,John Doe,John Doe
27,Jane Doe,25,Los Angeles,USA,7K4Yb@example.com,555-5678,secret,true,2022-01-01T00:00:00Z,2022-02-01T00:00:00Z,2022-03-01T00:00:00Z,John Doe,John Doe,John Doe
28,John Doe,30,New York,USA,7K4Yb@example.com,555-1234,secret,true,2022-01-01T00:00:00Z,2022-02-01T00:00:00Z,2022-03-01T00:00:00Z,John Doe,John Doe,John Doe
29,Jane Doe,25,Los Angeles,USA,7K4Yb@example.com,555-5678,secret,true,2022-01-01T00:00:00Z,2022-02-01T00:00:00Z,2022-03-01T00:00:00Z,John Doe,John Doe,John Doe
30,John Doe,30,New York,USA,7K4Yb@example.com,555-1234,secret,true,2022-01-01T00:00:00Z,2022-02-01T00:00:00Z,2022-03-01T00:00:00Z,John Doe,John Doe,John Doe
31,Jane Doe,25,Los Angeles,USA,7K4Yb@example.com,555-5678,secret,true,2022-01-01T00:00:00Z,2022-02-01T00:00:00Z,2022-03-01T00:00:00Z,John Doe,John Doe,John Doe
,,,,,,,,,,,,,,
